{
  "annotations": {
    "list": [
      {
        "builtIn": 1,
        "datasource": {
          "type": "grafana",
          "uid": "-- Grafana --"
        },
        "enable": true,
        "hide": true,
        "iconColor": "rgba(0, 211, 255, 1)",
        "name": "Annotations & Alerts",
        "target": {
          "limit": 100,
          "matchAny": false,
          "tags": [],
          "type": "dashboard"
        },
        "type": "dashboard"
      }
    ]
  },
  "editable": true,
  "fiscalYearStartMonth": 0,
  "graphTooltip": 0,
  "id": 1,
  "links": [],
  "liveNow": false,
  "panels": [
    {
      "datasource": {
        "type": "graphite",
        "uid": "xSO7JDWVz"
      },
      "description": "Breaks down the amount of memory being used into different components including: process memory, binary memory allocations, and ets memory usage.",
      "fieldConfig": {
        "defaults": {
          "color": {
            "mode": "palette-classic"
          },
          "custom": {
            "axisCenteredZero": false,
            "axisColorMode": "text",
            "axisLabel": "",
            "axisPlacement": "auto",
            "barAlignment": 0,
            "drawStyle": "line",
            "fillOpacity": 0,
            "gradientMode": "none",
            "hideFrom": {
              "legend": false,
              "tooltip": false,
              "viz": false
            },
            "lineInterpolation": "linear",
            "lineWidth": 1,
            "pointSize": 5,
            "scaleDistribution": {
              "type": "linear"
            },
            "showPoints": "auto",
            "spanNulls": false,
            "stacking": {
              "group": "A",
              "mode": "none"
            },
            "thresholdsStyle": {
              "mode": "off"
            }
          },
          "mappings": [],
          "thresholds": {
            "mode": "absolute",
            "steps": [
              {
                "color": "green",
                "value": null
              },
              {
                "color": "red",
                "value": 80
              }
            ]
          },
          "unit": "deckbytes"
        },
        "overrides": []
      },
      "gridPos": {
        "h": 7,
        "w": 7,
        "x": 0,
        "y": 0
      },
      "id": 2,
      "options": {
        "legend": {
          "calcs": [],
          "displayMode": "list",
          "placement": "bottom",
          "showLegend": true
        },
        "tooltip": {
          "mode": "single",
          "sort": "none"
        }
      },
      "targets": [
        {
          "datasource": {
            "type": "graphite",
            "uid": "xSO7JDWVz"
          },
          "refCount": 0,
          "refId": "Total Memory Allocated",
          "target": "stats.gauges.vm.memory.total"
        },
        {
          "datasource": {
            "type": "graphite",
            "uid": "xSO7JDWVz"
          },
          "hide": false,
          "refCount": 0,
          "refId": "Process Memory",
          "target": "stats.gauges.vm.memory.processes"
        },
        {
          "datasource": {
            "type": "graphite",
            "uid": "xSO7JDWVz"
          },
          "hide": false,
          "refCount": 0,
          "refId": "Binary Memory",
          "target": "stats.gauges.vm.memory.binary"
        },
        {
          "datasource": {
            "type": "graphite",
            "uid": "xSO7JDWVz"
          },
          "hide": false,
          "refCount": 0,
          "refId": "ETS Memory",
          "target": "stats.gauges.vm.memory.ets"
        }
      ],
      "title": "VM Memory Usage Breakdown",
      "type": "timeseries"
    },
    {
      "datasource": {
        "type": "graphite",
        "uid": "xSO7JDWVz"
      },
      "description": "The total amount of memory allocated to the virtual machine",
      "fieldConfig": {
        "defaults": {
          "color": {
            "mode": "continuous-BlYlRd"
          },
          "mappings": [],
          "thresholds": {
            "mode": "absolute",
            "steps": [
              {
                "color": "green",
                "value": null
              },
              {
                "color": "#EAB839",
                "value": 100
              },
              {
                "color": "red",
                "value": 1000
              }
            ]
          },
          "unit": "deckbytes"
        },
        "overrides": []
      },
      "gridPos": {
        "h": 7,
        "w": 5,
        "x": 7,
        "y": 0
      },
      "id": 12,
      "options": {
        "orientation": "auto",
        "reduceOptions": {
          "calcs": [
            "lastNotNull"
          ],
          "fields": "",
          "values": false
        },
        "showThresholdLabels": false,
        "showThresholdMarkers": true
      },
      "pluginVersion": "9.1.1",
      "targets": [
        {
          "datasource": {
            "type": "graphite",
            "uid": "xSO7JDWVz"
          },
          "refId": "A",
          "target": "stats.gauges.vm.memory.total"
        }
      ],
      "title": "Total BEAM Memory Usage",
      "type": "gauge"
    },
    {
      "datasource": {
        "type": "graphite",
        "uid": "xSO7JDWVz"
      },
      "description": "The total number of requests received by the Peanut Butter Shoppe application",
      "fieldConfig": {
        "defaults": {
          "color": {
            "mode": "continuous-greens"
          },
          "mappings": [],
          "noValue": "0",
          "thresholds": {
            "mode": "absolute",
            "steps": [
              {
                "color": "green",
                "value": null
              },
              {
                "color": "red",
                "value": 80
              }
            ]
          }
        },
        "overrides": []
      },
      "gridPos": {
        "h": 7,
        "w": 6,
        "x": 12,
        "y": 0
      },
      "id": 10,
      "options": {
        "colorMode": "value",
        "graphMode": "area",
        "justifyMode": "auto",
        "orientation": "auto",
        "reduceOptions": {
          "calcs": [
            "sum"
          ],
          "fields": "/^stats_counts\\.phoenix\\.endpoint\\.start\\.count$/",
          "values": false
        },
        "textMode": "auto"
      },
      "pluginVersion": "9.1.1",
      "targets": [
        {
          "datasource": {
            "type": "graphite",
            "uid": "xSO7JDWVz"
          },
          "refId": "A",
          "target": "stats_counts.phoenix.endpoint.start.count"
        }
      ],
      "title": "Total Requests Received",
      "type": "stat"
    },
    {
      "datasource": {
        "type": "graphite",
        "uid": "xSO7JDWVz"
      },
      "description": "Shows the count of incoming requests to the Phoenix application.",
      "fieldConfig": {
        "defaults": {
          "color": {
            "mode": "palette-classic"
          },
          "custom": {
            "axisCenteredZero": false,
            "axisColorMode": "text",
            "axisLabel": "",
            "axisPlacement": "auto",
            "barAlignment": 0,
            "drawStyle": "line",
            "fillOpacity": 0,
            "gradientMode": "none",
            "hideFrom": {
              "legend": false,
              "tooltip": false,
              "viz": false
            },
            "lineInterpolation": "linear",
            "lineWidth": 1,
            "pointSize": 5,
            "scaleDistribution": {
              "type": "linear"
            },
            "showPoints": "auto",
            "spanNulls": false,
            "stacking": {
              "group": "A",
              "mode": "none"
            },
            "thresholdsStyle": {
              "mode": "off"
            }
          },
          "mappings": [],
          "thresholds": {
            "mode": "absolute",
            "steps": [
              {
                "color": "green",
                "value": null
              },
              {
                "color": "red",
                "value": 80
              }
            ]
          }
        },
        "overrides": []
      },
      "gridPos": {
        "h": 7,
        "w": 6,
        "x": 18,
        "y": 0
      },
      "id": 4,
      "options": {
        "legend": {
          "calcs": [],
          "displayMode": "list",
          "placement": "bottom",
          "showLegend": true
        },
        "tooltip": {
          "mode": "single",
          "sort": "none"
        }
      },
      "pluginVersion": "9.1.1",
      "targets": [
        {
          "datasource": {
            "type": "graphite",
            "uid": "xSO7JDWVz"
          },
          "hide": false,
          "refCount": 0,
          "refId": "Total Requests",
          "target": "stats_counts.phoenix.endpoint.start.count"
        },
        {
          "datasource": {
            "type": "graphite",
            "uid": "xSO7JDWVz"
          },
          "hide": false,
          "refCount": 0,
          "refId": "Request Counts by Path",
          "target": "stats_counts.phoenix.endpoint.start.count_by_path.*"
        }
      ],
      "title": "Incoming Requests",
      "type": "timeseries"
    },
    {
      "datasource": {
        "type": "graphite",
        "uid": "xSO7JDWVz"
      },
      "description": "Breaks down the count of orders submitted vs orders failed",
      "fieldConfig": {
        "defaults": {
          "color": {
            "mode": "palette-classic"
          },
          "custom": {
            "axisCenteredZero": false,
            "axisColorMode": "text",
            "axisLabel": "Order Counts",
            "axisPlacement": "auto",
            "axisSoftMin": 0,
            "fillOpacity": 68,
            "gradientMode": "none",
            "hideFrom": {
              "legend": false,
              "tooltip": false,
              "viz": false
            },
            "lineWidth": 1,
            "scaleDistribution": {
              "type": "linear"
            }
          },
          "mappings": [],
          "thresholds": {
            "mode": "absolute",
            "steps": [
              {
                "color": "green",
                "value": null
              },
              {
                "color": "red",
                "value": 80
              }
            ]
          }
        },
        "overrides": []
      },
      "gridPos": {
        "h": 8,
        "w": 7,
        "x": 0,
        "y": 7
      },
      "id": 16,
      "options": {
        "barRadius": 0,
        "barWidth": 0.43,
        "groupWidth": 0.7,
        "legend": {
          "calcs": [],
          "displayMode": "list",
          "placement": "bottom",
          "showLegend": true
        },
        "orientation": "auto",
        "showValue": "never",
        "stacking": "normal",
        "text": {
          "valueSize": 1
        },
        "tooltip": {
          "mode": "multi",
          "sort": "none"
        },
        "xTickLabelMaxLength": 10,
        "xTickLabelRotation": 45,
        "xTickLabelSpacing": 100
      },
      "targets": [
        {
          "datasource": {
            "type": "graphite",
            "uid": "xSO7JDWVz"
          },
          "hide": false,
          "refId": "A",
          "target": "stats_counts.peanut_butter_shoppe.order_submitted.count.*"
        }
      ],
      "title": "Order Status Breakdowns",
      "type": "barchart"
    },
    {
      "datasource": {
        "type": "graphite",
        "uid": "xSO7JDWVz"
      },
      "description": "Count of orders submitted",
      "fieldConfig": {
        "defaults": {
          "color": {
            "mode": "thresholds"
          },
          "mappings": [],
          "thresholds": {
            "mode": "absolute",
            "steps": [
              {
                "color": "green",
                "value": null
              },
              {
                "color": "red",
                "value": 80
              }
            ]
          }
        },
        "overrides": []
      },
      "gridPos": {
        "h": 8,
        "w": 5,
        "x": 7,
        "y": 7
      },
      "id": 14,
      "options": {
        "colorMode": "value",
        "graphMode": "none",
        "justifyMode": "auto",
        "orientation": "auto",
        "reduceOptions": {
          "calcs": [
            "sum"
          ],
          "fields": "/^stats_counts\\.peanut_butter_shoppe\\.order_submitted\\.count\\.success$/",
          "values": false
        },
        "text": {},
        "textMode": "auto"
      },
      "pluginVersion": "9.1.1",
      "targets": [
        {
          "datasource": {
            "type": "graphite",
            "uid": "xSO7JDWVz"
          },
          "refCount": 0,
          "refId": "A",
          "target": "stats_counts.peanut_butter_shoppe.order_submitted.count.*"
        }
      ],
      "title": "Total Orders Submitted",
      "type": "stat"
    },
    {
      "datasource": {
        "type": "graphite",
        "uid": "xSO7JDWVz"
      },
      "description": "",
      "fieldConfig": {
        "defaults": {
          "color": {
            "mode": "palette-classic"
          },
          "custom": {
            "axisCenteredZero": false,
            "axisColorMode": "text",
            "axisLabel": "",
            "axisPlacement": "auto",
            "axisSoftMin": 0,
            "barAlignment": 0,
            "drawStyle": "line",
            "fillOpacity": 0,
            "gradientMode": "none",
            "hideFrom": {
              "legend": false,
              "tooltip": false,
              "viz": false
            },
            "lineInterpolation": "linear",
            "lineWidth": 1,
            "pointSize": 5,
            "scaleDistribution": {
              "type": "linear"
            },
            "showPoints": "auto",
            "spanNulls": false,
            "stacking": {
              "group": "A",
              "mode": "none"
            },
            "thresholdsStyle": {
              "mode": "off"
            }
          },
          "mappings": [],
          "min": 0,
          "noValue": "0",
          "thresholds": {
            "mode": "absolute",
            "steps": [
              {
                "color": "green",
                "value": null
              },
              {
                "color": "red",
                "value": 80
              }
            ]
          },
          "unit": "ms"
        },
        "overrides": []
      },
      "gridPos": {
        "h": 8,
        "w": 6,
        "x": 12,
        "y": 7
      },
      "id": 6,
      "options": {
        "legend": {
          "calcs": [],
          "displayMode": "list",
          "placement": "bottom",
          "showLegend": true
        },
        "tooltip": {
          "mode": "single",
          "sort": "none"
        }
      },
      "targets": [
        {
          "datasource": {
            "type": "graphite",
            "uid": "xSO7JDWVz"
          },
          "hide": false,
          "refCount": 0,
          "refId": "p90",
          "target": "stats.timers.phoenix.endpoint.stop.duration.upper_90"
        },
        {
          "datasource": {
            "type": "graphite",
            "uid": "xSO7JDWVz"
          },
          "hide": false,
          "refCount": 0,
          "refId": "p50",
          "target": "stats.timers.phoenix.endpoint.stop.duration.median"
        },
        {
          "datasource": {
            "type": "graphite",
            "uid": "xSO7JDWVz"
          },
          "hide": false,
          "refCount": 0,
          "refId": "Lower",
          "target": "stats.timers.phoenix.endpoint.stop.duration.lower",
          "textEditor": false
        }
      ],
      "title": "Latencies",
      "type": "timeseries"
    },
    {
      "datasource": {
        "type": "graphite",
        "uid": "xSO7JDWVz"
      },
      "fieldConfig": {
        "defaults": {
          "color": {
            "mode": "palette-classic"
          },
          "custom": {
            "axisCenteredZero": false,
            "axisColorMode": "text",
            "axisLabel": "",
            "axisPlacement": "auto",
            "barAlignment": 0,
            "drawStyle": "line",
            "fillOpacity": 0,
            "gradientMode": "none",
            "hideFrom": {
              "legend": false,
              "tooltip": false,
              "viz": false
            },
            "lineInterpolation": "linear",
            "lineWidth": 1,
            "pointSize": 5,
            "scaleDistribution": {
              "type": "linear"
            },
            "showPoints": "auto",
            "spanNulls": false,
            "stacking": {
              "group": "A",
              "mode": "none"
            },
            "thresholdsStyle": {
              "mode": "off"
            }
          },
          "mappings": [],
          "noValue": "0",
          "thresholds": {
            "mode": "absolute",
            "steps": [
              {
                "color": "green",
                "value": null
              },
              {
                "color": "red",
                "value": 80
              }
            ]
          },
          "unit": "ms"
        },
        "overrides": []
      },
      "gridPos": {
        "h": 8,
        "w": 6,
        "x": 18,
        "y": 7
      },
      "id": 8,
      "options": {
        "legend": {
          "calcs": [],
          "displayMode": "list",
          "placement": "bottom",
          "showLegend": true
        },
        "tooltip": {
          "mode": "single",
          "sort": "none"
        }
      },
      "targets": [
        {
          "datasource": {
            "type": "graphite",
            "uid": "xSO7JDWVz"
          },
          "refCount": 0,
          "refId": "p50 Ecto Query Total Time",
          "target": "stats.timers.peanut_butter_shoppe.repo.query.total_time.median",
          "textEditor": true
        },
        {
          "datasource": {
            "type": "graphite",
            "uid": "xSO7JDWVz"
          },
          "hide": false,
          "refCount": 0,
          "refId": "p90 Ecto Query Total Time",
          "target": "stats.timers.peanut_butter_shoppe.repo.query.total_time.upper_90",
          "textEditor": true
        },
        {
          "datasource": {
            "type": "graphite",
            "uid": "xSO7JDWVz"
          },
          "hide": false,
          "refCount": 0,
          "refId": "p50 Ecto Query Queue Time",
          "target": "stats.timers.peanut_butter_shoppe.repo.query.queue_time.median",
          "textEditor": true
        },
        {
          "datasource": {
            "type": "graphite",
            "uid": "xSO7JDWVz"
          },
          "hide": false,
          "refCount": 0,
          "refId": "p90 Ecto Query Queue Time",
          "target": "stats.timers.peanut_butter_shoppe.repo.query.queue_time.upper_90",
          "textEditor": true
        },
        {
          "datasource": {
            "type": "graphite",
            "uid": "xSO7JDWVz"
          },
          "hide": false,
          "refCount": 0,
          "refId": "p50 Ecto Query Query Time",
          "target": "stats.timers.peanut_butter_shoppe.repo.query.query_time.median",
          "textEditor": true
        },
        {
          "datasource": {
            "type": "graphite",
            "uid": "xSO7JDWVz"
          },
          "hide": false,
          "refCount": 0,
          "refId": "p90 Ecto Query: Query Time",
          "target": "stats.timers.peanut_butter_shoppe.repo.query.query_time.upper_90",
          "textEditor": true
        },
        {
          "datasource": {
            "type": "graphite",
            "uid": "xSO7JDWVz"
          },
          "hide": false,
          "refCount": 0,
          "refId": "p50 Ecto Query: Decode Time",
          "target": "stats.timers.peanut_butter_shoppe.repo.query.decode_time.median",
          "textEditor": true
        },
        {
          "datasource": {
            "type": "graphite",
            "uid": "xSO7JDWVz"
          },
          "hide": false,
          "refCount": 0,
          "refId": "p90 Ecto Query: Decode Time",
          "target": "stats.timers.peanut_butter_shoppe.repo.query.decode_time.upper_90",
          "textEditor": true
        }
      ],
      "title": "Database Metrics",
      "type": "timeseries"
    },
    {
      "datasource": {
        "type": "graphite",
        "uid": "xSO7JDWVz"
      },
      "description": "Gauges showing supplemental VM metrics",
      "fieldConfig": {
        "defaults": {
          "color": {
            "mode": "continuous-GrYlRd"
          },
          "custom": {
            "axisCenteredZero": false,
            "axisColorMode": "text",
            "axisLabel": "",
            "axisPlacement": "hidden",
            "barAlignment": 0,
            "drawStyle": "line",
            "fillOpacity": 20,
            "gradientMode": "scheme",
            "hideFrom": {
              "legend": false,
              "tooltip": false,
              "viz": false
            },
            "lineInterpolation": "smooth",
            "lineWidth": 3,
            "pointSize": 5,
            "scaleDistribution": {
              "type": "linear"
            },
            "showPoints": "auto",
            "spanNulls": false,
            "stacking": {
              "group": "A",
              "mode": "none"
            },
            "thresholdsStyle": {
              "mode": "off"
            }
          },
          "mappings": [],
          "thresholds": {
            "mode": "absolute",
            "steps": [
              {
                "color": "green",
                "value": null
              },
              {
                "color": "red",
                "value": 80
              }
            ]
          }
        },
        "overrides": []
      },
      "gridPos": {
        "h": 8,
        "w": 5,
        "x": 0,
        "y": 15
      },
      "id": 18,
      "options": {
        "legend": {
          "calcs": [],
          "displayMode": "list",
          "placement": "bottom",
          "showLegend": true
        },
        "tooltip": {
          "mode": "single",
          "sort": "none"
        }
      },
      "pluginVersion": "9.1.1",
      "targets": [
        {
          "datasource": {
            "type": "graphite",
            "uid": "xSO7JDWVz"
          },
          "refId": "A",
          "target": "stats.gauges.vm.info.reductions"
        }
      ],
      "title": "VM Reductions",
      "transformations": [],
      "type": "timeseries"
    },
    {
      "datasource": {
        "type": "graphite",
        "uid": "xSO7JDWVz"
      },
      "description": "",
      "fieldConfig": {
        "defaults": {
          "mappings": [],
          "max": 100,
          "min": 0,
          "thresholds": {
            "mode": "percentage",
            "steps": [
              {
                "color": "green",
                "value": null
              },
              {
                "color": "orange",
                "value": 75
              },
              {
                "color": "red",
                "value": 90
              }
            ]
          },
          "unit": "percent"
        },
        "overrides": []
      },
      "gridPos": {
        "h": 8,
        "w": 6,
        "x": 5,
        "y": 15
      },
      "id": 22,
      "options": {
        "orientation": "auto",
        "reduceOptions": {
          "calcs": [
            "lastNotNull"
          ],
          "fields": "",
          "values": false
        },
        "showThresholdLabels": false,
        "showThresholdMarkers": true
      },
      "pluginVersion": "9.1.1",
      "targets": [
        {
          "datasource": {
            "type": "graphite",
            "uid": "xSO7JDWVz"
          },
          "hide": false,
          "refId": "A",
          "target": "stats.gauges.vm.utilization.scheduler_utilization"
        }
      ],
      "title": "Scheduler Utilization",
      "type": "gauge"
    },
    {
      "datasource": {
        "type": "graphite",
        "uid": "xSO7JDWVz"
      },
      "description": "The Total Number of Users Online on the Peanut Butter Shoppe",
      "fieldConfig": {
        "defaults": {
          "color": {
            "mode": "palette-classic"
          },
          "mappings": [],
          "thresholds": {
            "mode": "absolute",
            "steps": [
              {
                "color": "green",
                "value": null
              }
            ]
          },
          "unit": "none"
        },
        "overrides": []
      },
      "gridPos": {
        "h": 8,
        "w": 13,
        "x": 11,
        "y": 15
      },
      "id": 26,
      "options": {
        "colorMode": "value",
        "graphMode": "none",
        "justifyMode": "auto",
        "orientation": "auto",
        "reduceOptions": {
          "calcs": [
            "lastNotNull"
          ],
          "fields": "",
          "values": false
        },
        "textMode": "auto"
      },
      "pluginVersion": "9.1.1",
      "targets": [
        {
          "datasource": {
            "type": "graphite",
            "uid": "xSO7JDWVz"
          },
          "hide": false,
          "refId": "A",
          "target": "stats.gauges.peanut_butter_shoppe.users.online"
        }
      ],
      "title": "Users Online",
      "type": "stat"
    },
    {
      "datasource": {
        "type": "graphite",
        "uid": "xSO7JDWVz"
      },
      "description": "Shows garbage collection count, which will increase over the course of the virtual machine instance",
      "fieldConfig": {
        "defaults": {
          "color": {
            "mode": "continuous-GrYlRd"
          },
          "custom": {
            "axisCenteredZero": false,
            "axisColorMode": "text",
            "axisLabel": "",
            "axisPlacement": "hidden",
            "barAlignment": 0,
            "drawStyle": "line",
            "fillOpacity": 20,
            "gradientMode": "scheme",
            "hideFrom": {
              "legend": false,
              "tooltip": false,
              "viz": false
            },
            "lineInterpolation": "smooth",
            "lineWidth": 3,
            "pointSize": 5,
            "scaleDistribution": {
              "type": "linear"
            },
            "showPoints": "auto",
            "spanNulls": false,
            "stacking": {
              "group": "A",
              "mode": "none"
            },
            "thresholdsStyle": {
              "mode": "off"
            }
          },
          "mappings": [],
          "thresholds": {
            "mode": "absolute",
            "steps": [
              {
                "color": "green",
                "value": null
              },
              {
                "color": "red",
                "value": 80
              }
            ]
          }
        },
        "overrides": []
      },
      "gridPos": {
        "h": 8,
        "w": 5,
        "x": 0,
        "y": 23
      },
      "id": 20,
      "options": {
        "legend": {
          "calcs": [],
          "displayMode": "list",
          "placement": "bottom",
          "showLegend": true
        },
        "tooltip": {
          "mode": "single",
          "sort": "none"
        }
      },
      "targets": [
        {
          "datasource": {
            "type": "graphite",
            "uid": "xSO7JDWVz"
          },
          "refId": "A",
          "target": "stats.gauges.vm.info.garbage_collections"
        }
      ],
      "title": "Garbage Collections",
      "type": "timeseries"
    },
    {
      "datasource": {
        "type": "graphite",
        "uid": "xSO7JDWVz"
      },
      "description": "",
      "fieldConfig": {
        "defaults": {
          "color": {
            "mode": "thresholds"
          },
          "mappings": [],
          "thresholds": {
            "mode": "absolute",
            "steps": [
              {
                "color": "green",
                "value": null
              },
              {
                "color": "#EAB839",
                "value": 75
              },
              {
                "color": "red",
                "value": 100
              }
            ]
          },
          "unit": "percent"
        },
        "overrides": []
      },
      "gridPos": {
        "h": 8,
        "w": 6,
        "x": 5,
        "y": 23
      },
      "id": 24,
      "options": {
        "orientation": "auto",
        "reduceOptions": {
          "calcs": [
            "lastNotNull"
          ],
          "fields": "",
          "values": false
        },
        "showThresholdLabels": false,
        "showThresholdMarkers": true
      },
      "pluginVersion": "9.1.1",
      "targets": [
        {
          "datasource": {
            "type": "graphite",
            "uid": "xSO7JDWVz"
          },
          "refId": "A",
          "target": "stats.gauges.vm.utilization.cpu_load"
        }
      ],
      "title": "CPU Load",
      "type": "gauge"
    }
  ],
  "refresh": "5s",
  "schemaVersion": 37,
  "style": "dark",
  "tags": [],
  "templating": {
    "list": []
  },
  "time": {
    "from": "now-5m",
    "to": "now"
  },
  "timepicker": {},
  "timezone": "",
  "title": "Instrumenting Elixir Applications",
  "uid": "9Yo6fxW4z",
  "version": 34,
  "weekStart": ""
}